method,total_atoms,atoms_per_system,total_neighbors,batch_size,median_time_ms,peak_memory_mb,success
naive,64,64,1784,1,0.12406399846076965,0.25439453125,True
naive,128,128,3968,1,0.16273599863052368,0.5048828125,True
naive,256,256,10752,1,0.17257600277662277,1.0068359375,True
naive,512,512,18048,1,0.2223839983344078,2.0107421875,True
naive,1024,1024,38364,1,0.27457600831985474,4.0185546875,True
naive,2048,2048,86016,1,0.3694560080766678,8.0341796875,True
naive,4096,4096,160876,1,0.6367520093917847,16.0654296875,True
naive,8192,8192,330356,1,1.1458879709243774,32.1279296875,True
naive,16384,16384,688128,1,4.531631946563721,64.2529296875,True
